-- MySQL Full Dump generated by Agent
-- Host: 127.0.0.1    Database: rmutk
-- ------------------------------------------------------

/*!40101 SET @OLD_CHARACTER_SET_CLIENT=@@CHARACTER_SET_CLIENT */;
/*!40101 SET @OLD_CHARACTER_SET_RESULTS=@@CHARACTER_SET_RESULTS */;
/*!40101 SET @OLD_COLLATION_CONNECTION=@@COLLATION_CONNECTION */;
/*!50503 SET NAMES utf8mb4 */;
/*!40014 SET @OLD_UNIQUE_CHECKS=@@UNIQUE_CHECKS, UNIQUE_CHECKS=0 */;
/*!40014 SET @OLD_FOREIGN_KEY_CHECKS=@@FOREIGN_KEY_CHECKS, FOREIGN_KEY_CHECKS=0 */;
/*!40101 SET @OLD_SQL_MODE=@@SQL_MODE, SQL_MODE='NO_AUTO_VALUE_ON_ZERO' */;
/*!40111 SET @OLD_SQL_NOTES=@@SQL_NOTES, SQL_NOTES=0 */;


-- Table structure for table `activities`
DROP TABLE IF EXISTS `activities`;
CREATE TABLE `activities` (
  `id` int NOT NULL AUTO_INCREMENT,
  `user_id` int NOT NULL,
  `name` varchar(255) CHARACTER SET utf8mb4 COLLATE utf8mb4_unicode_ci DEFAULT NULL,
  `type` varchar(100) CHARACTER SET utf8mb4 COLLATE utf8mb4_unicode_ci DEFAULT NULL,
  `start_date` date DEFAULT NULL,
  `end_date` date DEFAULT NULL,
  `description` text CHARACTER SET utf8mb4 COLLATE utf8mb4_unicode_ci,
  `created_at` timestamp NULL DEFAULT CURRENT_TIMESTAMP,
  `preference_level` int DEFAULT '0' COMMENT '0=None, 1=Least, 2=Little, 3=Medium, 4=Much, 5=Most',
  PRIMARY KEY (`id`),
  KEY `user_id` (`user_id`),
  CONSTRAINT `activities_ibfk_1` FOREIGN KEY (`user_id`) REFERENCES `users` (`id`) ON DELETE CASCADE
) ENGINE=InnoDB AUTO_INCREMENT=14 DEFAULT CHARSET=utf8mb4 COLLATE=utf8mb4_unicode_ci;

-- Dumping data for table `activities`
LOCK TABLES `activities` WRITE;
/*!40000 ALTER TABLE `activities` DISABLE KEYS */;
INSERT INTO `activities` VALUES (4,3,'Test','แข่งขันกีฬา','2025-09-15','2025-09-19','Test','2025-09-20 06:20:19',0),(5,3,'Test2','กิจกรรมอาสาสมัคร','2025-09-18','2025-09-21',NULL,'2025-09-20 06:23:44',0),(6,16,'Test Activity 2','การเรียนรู้',NULL,NULL,NULL,'2026-02-04 06:48:13',0),(7,16,'Rated Activity','กิจกรรมชุมชน',NULL,NULL,NULL,'2026-02-04 07:22:13',5),(8,16,'Rated Activity','กิจกรรมชุมชน',NULL,NULL,NULL,'2026-02-04 07:23:04',5),(9,16,'Test No Rating','กิจกรรมชุมชน',NULL,NULL,NULL,'2026-02-04 07:23:54',0),(10,16,'Rated Activity Final Attempt','กิจกรรมชุมชน',NULL,NULL,NULL,'2026-02-04 07:25:22',5),(11,16,'Low Rated Activity','กิจกรรมชุมชน',NULL,NULL,NULL,'2026-02-04 07:29:44',1),(13,16,'ฟหกกหฟก',NULL,'2026-02-04','2026-02-07','ฟหกหฟก','2026-02-04 08:49:12',5);
/*!40000 ALTER TABLE `activities` ENABLE KEYS */;
UNLOCK TABLES;

-- Table structure for table `activity_upload`
DROP TABLE IF EXISTS `activity_upload`;
CREATE TABLE `activity_upload` (
  `id` int NOT NULL AUTO_INCREMENT,
  `activity_id` int NOT NULL,
  `user_id` int NOT NULL,
  `image_path` text CHARACTER SET utf8mb4 COLLATE utf8mb4_unicode_ci NOT NULL,
  PRIMARY KEY (`id`)
) ENGINE=InnoDB AUTO_INCREMENT=17 DEFAULT CHARSET=utf8mb4 COLLATE=utf8mb4_unicode_ci;

-- Dumping data for table `activity_upload`
LOCK TABLES `activity_upload` WRITE;
/*!40000 ALTER TABLE `activity_upload` DISABLE KEYS */;
INSERT INTO `activity_upload` VALUES (10,4,3,'/uploads/portfolio_image/S__19800114_20251001154820960.jpg'),(11,4,3,'/uploads/portfolio_image/logoo_20251002050652643.png'),(16,6,16,'/uploads/portfolio_image/Beatrix-logo-2_20260204081303489.png');
/*!40000 ALTER TABLE `activity_upload` ENABLE KEYS */;
UNLOCK TABLES;

-- Table structure for table `admins`
DROP TABLE IF EXISTS `admins`;
CREATE TABLE `admins` (
  `admin_id` int unsigned NOT NULL AUTO_INCREMENT,
  `username` varchar(50) CHARACTER SET utf8mb4 COLLATE utf8mb4_unicode_ci NOT NULL,
  `email` varchar(100) CHARACTER SET utf8mb4 COLLATE utf8mb4_unicode_ci NOT NULL,
  `password_hash` varchar(255) CHARACTER SET utf8mb4 COLLATE utf8mb4_unicode_ci NOT NULL,
  `full_name` varchar(100) CHARACTER SET utf8mb4 COLLATE utf8mb4_unicode_ci NOT NULL,
  `role` enum('superadmin','admin') COLLATE utf8mb4_unicode_ci DEFAULT 'admin',
  `status` enum('active','suspended') CHARACTER SET utf8mb4 COLLATE utf8mb4_unicode_ci DEFAULT 'active',
  `last_login` timestamp NULL DEFAULT NULL,
  `created_at` timestamp NULL DEFAULT CURRENT_TIMESTAMP,
  `updated_at` timestamp NULL DEFAULT CURRENT_TIMESTAMP ON UPDATE CURRENT_TIMESTAMP,
  PRIMARY KEY (`admin_id`),
  UNIQUE KEY `username` (`username`),
  UNIQUE KEY `email` (`email`)
) ENGINE=InnoDB AUTO_INCREMENT=3 DEFAULT CHARSET=utf8mb4 COLLATE=utf8mb4_unicode_ci;

-- Dumping data for table `admins`
LOCK TABLES `admins` WRITE;
/*!40000 ALTER TABLE `admins` DISABLE KEYS */;
INSERT INTO `admins` VALUES (1,'superadmin','superadmin@example.com','$2b$10$TF30y2AI1EW62QE/QXxOC.zJHZ3NI3/sVJpcHojoltG1.eVhd1gQy','System Super Admin','superadmin','active','2026-02-04 05:23:30','2025-09-29 15:55:38','2026-02-04 08:14:06'),(2,'admin','admin@example.com','$2b$10$70zWtcgC.3cDTeRYNk8Wx.aeO5LJxxjYsa9ew.QhdhbW.LMrXQMUm','Content Administrator','admin','active','2026-02-03 05:18:03','2025-09-29 15:55:38','2026-02-04 09:02:54');
/*!40000 ALTER TABLE `admins` ENABLE KEYS */;
UNLOCK TABLES;

-- Table structure for table `certificates`
DROP TABLE IF EXISTS `certificates`;
CREATE TABLE `certificates` (
  `cer_id` int unsigned NOT NULL AUTO_INCREMENT,
  `user_id` int unsigned NOT NULL,
  `title` varchar(255) CHARACTER SET utf8mb4 COLLATE utf8mb4_unicode_ci NOT NULL,
  `description` text CHARACTER SET utf8mb4 COLLATE utf8mb4_unicode_ci,
  `file_url` varchar(255) CHARACTER SET utf8mb4 COLLATE utf8mb4_unicode_ci NOT NULL,
  `create_at` timestamp NULL DEFAULT CURRENT_TIMESTAMP,
  PRIMARY KEY (`cer_id`)
) ENGINE=InnoDB AUTO_INCREMENT=7 DEFAULT CHARSET=utf8mb4 COLLATE=utf8mb4_unicode_ci;

-- Dumping data for table `certificates`
LOCK TABLES `certificates` WRITE;
/*!40000 ALTER TABLE `certificates` DISABLE KEYS */;
INSERT INTO `certificates` VALUES (2,3,'T','','/uploads/certificates/1759380811234-f6c5b90oq8j.jpg','2025-10-02 04:53:31'),(3,3,'Tt','','/uploads/certificates/1759381471812-f69jottyoqv.jpg','2025-10-02 05:04:31'),(4,3,'ธ','','/uploads/certificates/1759381693013-lykbvfezvzh.png','2025-10-02 05:08:13'),(5,3,'ธ','T','/uploads/certificates/1759381999357-pu8wujpr2jf.png','2025-10-02 05:09:47'),(6,16,'Advanced ReactReact Course','2024, Online','/uploads/certificates/1770194925631-n3movcmjn0n.png','2026-02-04 08:48:46');
/*!40000 ALTER TABLE `certificates` ENABLE KEYS */;
UNLOCK TABLES;

-- Table structure for table `email_broadcasts`
DROP TABLE IF EXISTS `email_broadcasts`;
CREATE TABLE `email_broadcasts` (
  `broadcast_id` int unsigned NOT NULL AUTO_INCREMENT,
  `subject` varchar(255) CHARACTER SET utf8mb4 COLLATE utf8mb4_unicode_ci NOT NULL,
  `body` mediumtext CHARACTER SET utf8mb4 COLLATE utf8mb4_unicode_ci NOT NULL,
  `audience` enum('all','custom') CHARACTER SET utf8mb4 COLLATE utf8mb4_unicode_ci DEFAULT 'all',
  `recipients_json` longtext CHARACTER SET utf8mb4 COLLATE utf8mb4_unicode_ci,
  `recipient_count` int unsigned DEFAULT '0',
  `status` enum('pending','sent','failed') CHARACTER SET utf8mb4 COLLATE utf8mb4_unicode_ci DEFAULT 'pending',
  `error_message` text CHARACTER SET utf8mb4 COLLATE utf8mb4_unicode_ci,
  `created_by` int unsigned DEFAULT NULL,
  `sent_at` timestamp NULL DEFAULT NULL,
  `created_at` timestamp NULL DEFAULT CURRENT_TIMESTAMP,
  `updated_at` timestamp NULL DEFAULT CURRENT_TIMESTAMP ON UPDATE CURRENT_TIMESTAMP,
  PRIMARY KEY (`broadcast_id`)
) ENGINE=InnoDB DEFAULT CHARSET=utf8mb4 COLLATE=utf8mb4_unicode_ci;

-- Dumping data for table `email_broadcasts`
LOCK TABLES `email_broadcasts` WRITE;
/*!40000 ALTER TABLE `email_broadcasts` DISABLE KEYS */;
/*!40000 ALTER TABLE `email_broadcasts` ENABLE KEYS */;
UNLOCK TABLES;

-- Table structure for table `email_verifications`
DROP TABLE IF EXISTS `email_verifications`;
CREATE TABLE `email_verifications` (
  `id` int NOT NULL AUTO_INCREMENT,
  `email` varchar(150) NOT NULL,
  `otp_hash` varchar(255) NOT NULL,
  `expires_at` datetime NOT NULL,
  `created_at` timestamp NULL DEFAULT CURRENT_TIMESTAMP,
  PRIMARY KEY (`id`),
  KEY `email` (`email`)
) ENGINE=InnoDB AUTO_INCREMENT=8 DEFAULT CHARSET=utf8mb4 COLLATE=utf8mb4_0900_ai_ci;

-- Dumping data for table `email_verifications`
LOCK TABLES `email_verifications` WRITE;
/*!40000 ALTER TABLE `email_verifications` DISABLE KEYS */;
INSERT INTO `email_verifications` VALUES (2,'big@gmail.com','$2b$10$DW2Kiamn3smz7NvByItY4eqRzB72pL8e7rwoULiYfcGzHIhW9HusG','2026-02-03 05:37:07','2026-02-03 05:22:07');
/*!40000 ALTER TABLE `email_verifications` ENABLE KEYS */;
UNLOCK TABLES;

-- Table structure for table `file_upload`
DROP TABLE IF EXISTS `file_upload`;
CREATE TABLE `file_upload` (
  `id` int NOT NULL AUTO_INCREMENT,
  `wk_id` int NOT NULL,
  `user_id` int NOT NULL,
  `file_path` text CHARACTER SET utf8mb4 COLLATE utf8mb4_unicode_ci NOT NULL,
  PRIMARY KEY (`id`)
) ENGINE=InnoDB AUTO_INCREMENT=19 DEFAULT CHARSET=utf8mb4 COLLATE=utf8mb4_unicode_ci;

-- Dumping data for table `file_upload`
LOCK TABLES `file_upload` WRITE;
/*!40000 ALTER TABLE `file_upload` DISABLE KEYS */;
INSERT INTO `file_upload` VALUES (14,3,3,'/uploads/portfolio_image/รูปภาพ1_20250920102030118.png'),(17,2,3,'/uploads/portfolio_image/สนเน_20250927075950209.png'),(18,4,3,'/uploads/portfolio_image/รูปภาพ1_20250930153013137.png');
/*!40000 ALTER TABLE `file_upload` ENABLE KEYS */;
UNLOCK TABLES;

-- Table structure for table `news`
DROP TABLE IF EXISTS `news`;
CREATE TABLE `news` (
  `news_id` int unsigned NOT NULL AUTO_INCREMENT,
  `title` varchar(255) CHARACTER SET utf8mb4 COLLATE utf8mb4_unicode_ci NOT NULL,
  `content` text CHARACTER SET utf8mb4 COLLATE utf8mb4_unicode_ci NOT NULL,
  `admin_id` int unsigned NOT NULL,
  `status` enum('draft','published') CHARACTER SET utf8mb4 COLLATE utf8mb4_unicode_ci DEFAULT 'draft',
  `category` varchar(100) CHARACTER SET utf8mb4 COLLATE utf8mb4_unicode_ci DEFAULT NULL,
  `featured_image_url` varchar(255) CHARACTER SET utf8mb4 COLLATE utf8mb4_unicode_ci DEFAULT NULL,
  `created_at` timestamp NULL DEFAULT CURRENT_TIMESTAMP,
  `updated_at` timestamp NULL DEFAULT CURRENT_TIMESTAMP ON UPDATE CURRENT_TIMESTAMP,
  `category_id` int unsigned DEFAULT NULL,
  PRIMARY KEY (`news_id`),
  KEY `admin_id` (`admin_id`),
  KEY `fk_news_category` (`category_id`),
  CONSTRAINT `fk_news_category` FOREIGN KEY (`category_id`) REFERENCES `news_categories` (`category_id`) ON DELETE SET NULL,
  CONSTRAINT `news_ibfk_1` FOREIGN KEY (`admin_id`) REFERENCES `admins` (`admin_id`) ON DELETE CASCADE ON UPDATE CASCADE
) ENGINE=InnoDB AUTO_INCREMENT=6 DEFAULT CHARSET=utf8mb4 COLLATE=utf8mb4_unicode_ci;

-- Dumping data for table `news`
LOCK TABLES `news` WRITE;
/*!40000 ALTER TABLE `news` DISABLE KEYS */;
INSERT INTO `news` VALUES (2,'[แจ้งเตือนความปลอดภัย]','[แจ้งเตือนความปลอดภัย] โปรดระวังลิงก์แปลกในการรับอีเมล\r\n\r\nเรียนผู้รับข่าวสาร,\r\nโปรดระมัดระวังลิงก์ในอีเมล โดยเฉพาะลิงก์น่าสงสัยหรือจากผู้ส่งที่ไม่คุ้นเคย\r\nแนวทางก่อนคลิกลิงก์:\r\n- วางเมาส์บนลิงก์เพื่อดู URL จริง\r\n- ตรวจสอบโดเมนให้ถูกต้องและเป็น HTTPS\r\n- หลีกเลี่ยงการดาวน์โหลดไฟล์แนบจากต้นทางที่ไม่รู้จัก\r\n- อย่าให้ข้อมูลพาสเวิร์ด/OTP เมื่อถูกเร่งรัด\r\n\r\nลิงก์ทดสอบ:\r\nhttps://www.youtube.com/watch?v=dQw4w9WgXcQ&list=RDdQw4w9WgXcQ&start_radio=1\r\n\r\nหากพบอีเมลที่น่าสงสัย กรุณาอย่าคลิกลิงก์/ไฟล์แนบ และแจ้งทีมงานทันที\r\n(อีเมลฉบับนี้ใช้เพื่อทดสอบระบบ)\r\n',2,'published','news','/uploads/news/1759222626180-90865--.png','2025-09-30 08:57:06','2025-10-01 08:46:57',NULL),(3,'Test','test',2,'published','announcement','/uploads/news/1770185348722-168455--2569-01-28-13-28-07.png','2025-09-30 15:36:36','2026-02-04 06:09:08',NULL),(4,'Test News Edited','Edited content.ฟหกฟหกฟห',1,'published',NULL,'/uploads/news/1770185329401-283302--2569-01-28-13-28-07.png','2026-02-04 05:25:03','2026-02-04 06:08:49',5),(5,'Email Test News','Testing email broadcast.',1,'published',NULL,NULL,'2026-02-04 06:13:54','2026-02-04 06:13:54',2);
/*!40000 ALTER TABLE `news` ENABLE KEYS */;
UNLOCK TABLES;

-- Table structure for table `news_categories`
DROP TABLE IF EXISTS `news_categories`;
CREATE TABLE `news_categories` (
  `category_id` int unsigned NOT NULL AUTO_INCREMENT,
  `name` varchar(100) COLLATE utf8mb4_unicode_ci NOT NULL,
  `description` text COLLATE utf8mb4_unicode_ci,
  `created_at` timestamp NULL DEFAULT CURRENT_TIMESTAMP,
  `updated_at` timestamp NULL DEFAULT CURRENT_TIMESTAMP ON UPDATE CURRENT_TIMESTAMP,
  PRIMARY KEY (`category_id`),
  UNIQUE KEY `name` (`name`)
) ENGINE=InnoDB AUTO_INCREMENT=6 DEFAULT CHARSET=utf8mb4 COLLATE=utf8mb4_unicode_ci;

-- Dumping data for table `news_categories`
LOCK TABLES `news_categories` WRITE;
/*!40000 ALTER TABLE `news_categories` DISABLE KEYS */;
INSERT INTO `news_categories` VALUES (1,'News',NULL,'2026-02-03 17:44:18','2026-02-03 17:44:18'),(2,'Activity',NULL,'2026-02-03 17:44:18','2026-02-03 17:44:18'),(3,'Scholarship',NULL,'2026-02-03 17:44:18','2026-02-03 17:44:18'),(4,'Test Category','Auto Test','2026-02-04 05:23:53','2026-02-04 05:23:53'),(5,'Updated Category','','2026-02-04 05:47:32','2026-02-04 05:47:32');
/*!40000 ALTER TABLE `news_categories` ENABLE KEYS */;
UNLOCK TABLES;

-- Table structure for table `newsletter_subscriptions`
DROP TABLE IF EXISTS `newsletter_subscriptions`;
CREATE TABLE `newsletter_subscriptions` (
  `id` int unsigned NOT NULL AUTO_INCREMENT,
  `email` varchar(255) CHARACTER SET utf8mb4 COLLATE utf8mb4_unicode_ci NOT NULL,
  `created_at` timestamp NULL DEFAULT CURRENT_TIMESTAMP,
  PRIMARY KEY (`id`),
  UNIQUE KEY `email` (`email`)
) ENGINE=InnoDB AUTO_INCREMENT=8 DEFAULT CHARSET=utf8mb4 COLLATE=utf8mb4_unicode_ci;

-- Dumping data for table `newsletter_subscriptions`
LOCK TABLES `newsletter_subscriptions` WRITE;
/*!40000 ALTER TABLE `newsletter_subscriptions` DISABLE KEYS */;
INSERT INTO `newsletter_subscriptions` VALUES (5,'archetypesodium@gmail.com','2025-09-30 16:10:59'),(6,'hirunchatcharoensawat@gmail.com','2025-10-01 08:26:27'),(7,'test_subscriber@example.com','2026-02-04 06:11:33');
/*!40000 ALTER TABLE `newsletter_subscriptions` ENABLE KEYS */;
UNLOCK TABLES;

-- Table structure for table `password_reset_otps`
DROP TABLE IF EXISTS `password_reset_otps`;
CREATE TABLE `password_reset_otps` (
  `id` bigint unsigned NOT NULL AUTO_INCREMENT,
  `user_id` int unsigned NOT NULL,
  `code_hash` varchar(255) CHARACTER SET utf8mb4 COLLATE utf8mb4_unicode_ci NOT NULL,
  `expires_at` datetime NOT NULL,
  `attempts` tinyint unsigned NOT NULL DEFAULT '0',
  `verified_at` datetime DEFAULT NULL,
  `reset_token_hash` varchar(255) CHARACTER SET utf8mb4 COLLATE utf8mb4_unicode_ci DEFAULT NULL,
  `reset_token_expires` datetime DEFAULT NULL,
  `used_at` datetime DEFAULT NULL,
  `ip` varchar(64) CHARACTER SET utf8mb4 COLLATE utf8mb4_unicode_ci DEFAULT NULL,
  `created_at` timestamp NULL DEFAULT CURRENT_TIMESTAMP,
  PRIMARY KEY (`id`),
  KEY `user_id` (`user_id`),
  KEY `expires_at` (`expires_at`),
  KEY `reset_token_expires` (`reset_token_expires`)
) ENGINE=InnoDB AUTO_INCREMENT=9 DEFAULT CHARSET=utf8mb4 COLLATE=utf8mb4_unicode_ci;

-- Dumping data for table `password_reset_otps`
LOCK TABLES `password_reset_otps` WRITE;
/*!40000 ALTER TABLE `password_reset_otps` DISABLE KEYS */;
INSERT INTO `password_reset_otps` VALUES (2,2,'$2b$10$KUYmXwr3MwGhMegmyts/JuCwbwEMbzq0F0nY0gZtwg9BT8NelAhGa','2025-10-01 18:34:07',1,'2025-10-01 18:24:33','$2b$10$SfAXjQX2S5BUxHkv0tlAK.5Bz2VbuZTANVBwciO0z1zrl1X/YCAl2','2025-10-01 18:39:33','2025-10-01 18:24:40','::1','2025-10-01 11:24:06'),(8,14,'$2b$10$Bz9lE63YcEg7AopOzgH3k.UwTBD7tNIeqO8bSmfv0/GAID2rCuLge','2026-02-03 16:07:58',0,'2026-02-03 16:00:41','$2b$10$jrd/vdpe0rfjzeGtOMDFv.09EFTHfzFt1JwEnPOMQBFjA5zavYvSO','2026-02-03 16:15:42','2026-02-03 16:01:00','::ffff:192.168.65.1','2026-02-03 15:57:58');
/*!40000 ALTER TABLE `password_reset_otps` ENABLE KEYS */;
UNLOCK TABLES;

-- Table structure for table `sports`
DROP TABLE IF EXISTS `sports`;
CREATE TABLE `sports` (
  `id` int NOT NULL AUTO_INCREMENT,
  `user_id` int NOT NULL,
  `name` varchar(255) CHARACTER SET utf8mb4 COLLATE utf8mb4_unicode_ci DEFAULT NULL,
  `type` varchar(100) CHARACTER SET utf8mb4 COLLATE utf8mb4_unicode_ci DEFAULT NULL,
  `date` date DEFAULT NULL,
  `result` varchar(100) CHARACTER SET utf8mb4 COLLATE utf8mb4_unicode_ci DEFAULT NULL,
  `description` text CHARACTER SET utf8mb4 COLLATE utf8mb4_unicode_ci,
  `created_at` timestamp NULL DEFAULT CURRENT_TIMESTAMP,
  PRIMARY KEY (`id`),
  KEY `user_id` (`user_id`),
  CONSTRAINT `sports_ibfk_1` FOREIGN KEY (`user_id`) REFERENCES `users` (`id`) ON DELETE CASCADE
) ENGINE=InnoDB AUTO_INCREMENT=7 DEFAULT CHARSET=utf8mb4 COLLATE=utf8mb4_unicode_ci;

-- Dumping data for table `sports`
LOCK TABLES `sports` WRITE;
/*!40000 ALTER TABLE `sports` DISABLE KEYS */;
INSERT INTO `sports` VALUES (3,3,'Basketball 3x3','ฟุตบอล','2025-09-19','รองชนะเลิศอันดับ 1','Test','2025-09-20 06:20:19'),(4,16,'Test Sport 2','ฟุตบอล',NULL,'ชนะเลิศอันดับ 1','','2026-02-04 06:51:56'),(6,16,'ฟหกหฟกฟ','บาสเก็ตบอล','2026-02-02','รองชนะเลิศอันดับ 1','ฟหกหก','2026-02-04 08:49:38');
/*!40000 ALTER TABLE `sports` ENABLE KEYS */;
UNLOCK TABLES;

-- Table structure for table `user_education`
DROP TABLE IF EXISTS `user_education`;
CREATE TABLE `user_education` (
  `id` int NOT NULL AUTO_INCREMENT,
  `user_id` int NOT NULL,
  `level` varchar(100) DEFAULT NULL COMMENT 'à¸£à¸°à¸”à¸±à¸šà¸à¸²à¸£à¸¨à¸¶à¸à¸©à¸²',
  `institution` varchar(255) DEFAULT NULL COMMENT 'à¸Šà¸·à¹ˆà¸­à¸ªà¸–à¸²à¸šà¸±à¸™',
  `faculty` varchar(255) DEFAULT NULL COMMENT 'à¸„à¸“à¸°',
  `program` varchar(255) DEFAULT NULL COMMENT 'à¸ªà¸²à¸‚à¸²à¸§à¸´à¸Šà¸²',
  `start_year` int DEFAULT NULL,
  `end_year` int DEFAULT NULL,
  `gpa` decimal(3,2) DEFAULT NULL,
  `created_at` timestamp NULL DEFAULT CURRENT_TIMESTAMP,
  PRIMARY KEY (`id`),
  KEY `user_id` (`user_id`),
  CONSTRAINT `user_education_ibfk_1` FOREIGN KEY (`user_id`) REFERENCES `users` (`id`) ON DELETE CASCADE
) ENGINE=InnoDB AUTO_INCREMENT=4 DEFAULT CHARSET=utf8mb4 COLLATE=utf8mb4_0900_ai_ci;

-- Dumping data for table `user_education`
LOCK TABLES `user_education` WRITE;
/*!40000 ALTER TABLE `user_education` DISABLE KEYS */;
INSERT INTO `user_education` VALUES (3,3,'ปริญญาตรี','มหาวิทยาลัยเทคโนโลยีราชมงคลกรุงเทพ','วิทยาศาสตร์และเทคโนโลยี','วิทยาการคอมพิวเตอร์',2018,2022,'3.50','2026-02-03 14:13:59');
/*!40000 ALTER TABLE `user_education` ENABLE KEYS */;
UNLOCK TABLES;

-- Table structure for table `user_socials`
DROP TABLE IF EXISTS `user_socials`;
CREATE TABLE `user_socials` (
  `id` int NOT NULL AUTO_INCREMENT,
  `user_id` int NOT NULL,
  `platform` varchar(50) DEFAULT NULL,
  `url` varchar(500) DEFAULT NULL,
  `is_visible` tinyint(1) DEFAULT '1',
  `created_at` timestamp NULL DEFAULT CURRENT_TIMESTAMP,
  PRIMARY KEY (`id`),
  KEY `user_id` (`user_id`),
  CONSTRAINT `user_socials_ibfk_1` FOREIGN KEY (`user_id`) REFERENCES `users` (`id`) ON DELETE CASCADE
) ENGINE=InnoDB AUTO_INCREMENT=3 DEFAULT CHARSET=utf8mb4 COLLATE=utf8mb4_0900_ai_ci;

-- Dumping data for table `user_socials`
LOCK TABLES `user_socials` WRITE;
/*!40000 ALTER TABLE `user_socials` DISABLE KEYS */;
INSERT INTO `user_socials` VALUES (1,3,'Facebook','https://facebook.com/testuser',1,'2026-02-03 14:13:59'),(2,3,'GitHub','https://github.com/testuser',1,'2026-02-03 14:13:59');
/*!40000 ALTER TABLE `user_socials` ENABLE KEYS */;
UNLOCK TABLES;

-- Table structure for table `users`
DROP TABLE IF EXISTS `users`;
CREATE TABLE `users` (
  `id` int NOT NULL AUTO_INCREMENT,
  `profile_pic` varchar(255) COLLATE utf8mb4_unicode_ci DEFAULT NULL,
  `title` varchar(20) CHARACTER SET utf8mb4 COLLATE utf8mb4_unicode_ci NOT NULL,
  `first_name_th` varchar(100) CHARACTER SET utf8mb4 COLLATE utf8mb4_unicode_ci NOT NULL,
  `last_name_th` varchar(100) CHARACTER SET utf8mb4 COLLATE utf8mb4_unicode_ci NOT NULL,
  `first_name_en` varchar(100) CHARACTER SET utf8mb4 COLLATE utf8mb4_unicode_ci NOT NULL,
  `last_name_en` varchar(100) CHARACTER SET utf8mb4 COLLATE utf8mb4_unicode_ci NOT NULL,
  `nickname` varchar(100) COLLATE utf8mb4_unicode_ci DEFAULT NULL,
  `dob` date DEFAULT NULL,
  `gender` varchar(50) COLLATE utf8mb4_unicode_ci DEFAULT NULL,
  `nationality` varchar(100) COLLATE utf8mb4_unicode_ci DEFAULT NULL,
  `user_desc` text CHARACTER SET utf8mb4 COLLATE utf8mb4_unicode_ci,
  `profile_visibility` json DEFAULT NULL,
  `phone` varchar(10) CHARACTER SET utf8mb4 COLLATE utf8mb4_unicode_ci NOT NULL,
  `line_id` varchar(100) COLLATE utf8mb4_unicode_ci DEFAULT NULL,
  `address` text COLLATE utf8mb4_unicode_ci,
  `province` varchar(100) COLLATE utf8mb4_unicode_ci DEFAULT NULL,
  `email` varchar(150) CHARACTER SET utf8mb4 COLLATE utf8mb4_unicode_ci NOT NULL,
  `user_type` enum('student','alumni') COLLATE utf8mb4_unicode_ci DEFAULT 'student',
  `education` varchar(50) CHARACTER SET utf8mb4 COLLATE utf8mb4_unicode_ci NOT NULL,
  `password` varchar(255) CHARACTER SET utf8mb4 COLLATE utf8mb4_unicode_ci NOT NULL,
  `created_at` timestamp NULL DEFAULT CURRENT_TIMESTAMP,
  `st_id` varchar(255) CHARACTER SET utf8mb4 COLLATE utf8mb4_unicode_ci DEFAULT NULL,
  `st_id_canonical` varchar(12) CHARACTER SET utf8mb4 COLLATE utf8mb4_unicode_ci NOT NULL,
  `status` enum('pending','active','suspended','rejected') CHARACTER SET utf8mb4 COLLATE utf8mb4_unicode_ci DEFAULT 'pending',
  `approved_at` timestamp NULL DEFAULT NULL,
  `last_login` timestamp NULL DEFAULT NULL,
  `password_changed_at` timestamp NULL DEFAULT NULL,
  `updated_at` timestamp NULL DEFAULT CURRENT_TIMESTAMP ON UPDATE CURRENT_TIMESTAMP,
  PRIMARY KEY (`id`),
  UNIQUE KEY `email` (`email`)
) ENGINE=InnoDB AUTO_INCREMENT=17 DEFAULT CHARSET=utf8mb4 COLLATE=utf8mb4_unicode_ci;

-- Dumping data for table `users`
LOCK TABLES `users` WRITE;
/*!40000 ALTER TABLE `users` DISABLE KEYS */;
INSERT INTO `users` VALUES (2,NULL,'นางสาว','ทด','สอบ','ะ','test',NULL,NULL,NULL,NULL,NULL,NULL,'0645497841',NULL,NULL,NULL,'archetypesodium@gmail.com','student','ปวช.','$2b$12$86WhjCXoU1i5j4TQfYCWcOQn/Qbw4/PCk5unqLfBWSCAIGP4i2kgS','2025-09-18 16:11:21','66605100039-4','666051000394','active',NULL,'2025-10-01 11:43:04','2025-10-01 11:24:40','2025-10-01 11:43:04'),(3,'/uploads/profile_pics/profile-1770130276787-958548018.png','นาย','ทดสอบ','ครับผม','Test','Krabpom','Tester','2000-01-01','ชาย','ไทย','่่าื่า่ื่ืา','[object Object]','0812345678','test_line_id','123/456 ถ.ทดสอบ แขวงทดสอบ เขตทดสอบ','กรุงเทพมหานคร','test@gmail.com','student','ม.6','$2b$10$pBtsNwM729BfAi2HoAvNse9RzizbQ5CW2I4wfXKZQT1ssfgjPJtMG','2025-09-19 11:57:06','66605100039-5','666051000395','active',NULL,'2026-02-04 05:35:07','2026-02-03 13:10:17','2026-02-04 05:35:07'),(14,NULL,'นาย','หิรัญ','ชัยเจริญสวัสดิ์','หิรัญ','ชัยเจริญสวัสดิ์',NULL,NULL,NULL,NULL,NULL,NULL,'0865624978',NULL,NULL,NULL,'nongearth9@gmail.com','student','ปวช.','$2b$12$1aImUBqxRuoIyTTYl.hIGOHARGAz/y9V16wl3H5GvtPEOjybKcCTK','2026-02-03 15:25:34','64110116600-4','641101166004','active','2026-02-03 15:25:51','2026-02-03 17:17:55','2026-02-03 16:01:00','2026-02-03 17:17:55'),(15,'/uploads/profile_pics/profile-1770134812404-581463267.png','นาย','หิรัญ','ชัยเจริญสวัสดิ์','หิรัญ','ชัยเจริญสวัสดิ์',NULL,NULL,NULL,NULL,NULL,'[object Object]','0865624978',NULL,NULL,NULL,'HirunChaichareonswad@outlook.com','alumni','ม.6','$2b$10$1s1hM0w.SpGXNZWdUEJ41OP4fucsJmFH/QQX3F3RueOBPXYrxPdAO','2026-02-03 16:05:03','64110116600-2','641101166002','active','2026-02-03 16:06:10','2026-02-03 16:06:23',NULL,'2026-02-03 16:06:52'),(16,NULL,'Mr','Test','User','Test','User',NULL,NULL,NULL,NULL,NULL,NULL,'0812345678',NULL,NULL,NULL,'testuser2@example.com','student','Test Edu','$2b$10$oeLQmvRbXc3yxin7N4u.OuM44JyalBA7STEwuz0czWyR/E1.m0tsO','2026-02-04 06:37:32','TEST002','TEST002','active',NULL,'2026-02-04 08:29:06',NULL,'2026-02-04 08:29:06');
/*!40000 ALTER TABLE `users` ENABLE KEYS */;
UNLOCK TABLES;

-- Table structure for table `work_experiences`
DROP TABLE IF EXISTS `work_experiences`;
CREATE TABLE `work_experiences` (
  `id` int NOT NULL AUTO_INCREMENT,
  `user_id` int NOT NULL,
  `job_title` varchar(255) CHARACTER SET utf8mb4 COLLATE utf8mb4_unicode_ci DEFAULT NULL,
  `start_date` date DEFAULT NULL,
  `end_date` date DEFAULT NULL,
  `job_description` text CHARACTER SET utf8mb4 COLLATE utf8mb4_unicode_ci,
  `portfolio_link` varchar(255) CHARACTER SET utf8mb4 COLLATE utf8mb4_unicode_ci DEFAULT NULL,
  `created_at` timestamp NULL DEFAULT CURRENT_TIMESTAMP,
  PRIMARY KEY (`id`),
  KEY `user_id` (`user_id`),
  CONSTRAINT `work_experiences_ibfk_1` FOREIGN KEY (`user_id`) REFERENCES `users` (`id`) ON DELETE CASCADE
) ENGINE=InnoDB AUTO_INCREMENT=11 DEFAULT CHARSET=utf8mb4 COLLATE=utf8mb4_unicode_ci;

-- Dumping data for table `work_experiences`
LOCK TABLES `work_experiences` WRITE;
/*!40000 ALTER TABLE `work_experiences` DISABLE KEYS */;
INSERT INTO `work_experiences` VALUES (2,3,'บริษัททดสอบ ตำแหน่ง Earth ควย','2025-09-19','2025-09-21','ควย','ควย','2025-09-20 06:43:01'),(3,3,'บริษัท ABC ตำแหน่ง SE','2025-09-13','2025-09-21','Testtt',NULL,'2025-09-20 08:09:30'),(4,3,'ธำหะ','2025-09-26','2025-10-11','Test',NULL,'2025-09-30 15:30:13'),(5,3,'Te','2025-09-12','2025-09-25','test','tt','2025-09-30 15:30:13'),(8,16,'Software Engineer','2024-01-01','2024-12-31','Description',NULL,'2026-02-04 08:10:35'),(10,16,'ฟหกกฟกฟก','2026-02-02','2026-02-04','หฟกหกกฟกห',NULL,'2026-02-04 08:49:56');
/*!40000 ALTER TABLE `work_experiences` ENABLE KEYS */;
UNLOCK TABLES;

/*!40101 SET SQL_MODE=@OLD_SQL_MODE */;
/*!40014 SET FOREIGN_KEY_CHECKS=@OLD_FOREIGN_KEY_CHECKS */;
/*!40014 SET UNIQUE_CHECKS=@OLD_UNIQUE_CHECKS */;
/*!40101 SET CHARACTER_SET_CLIENT=@OLD_CHARACTER_SET_CLIENT */;
/*!40101 SET CHARACTER_SET_RESULTS=@OLD_CHARACTER_SET_RESULTS */;
/*!40101 SET COLLATION_CONNECTION=@OLD_COLLATION_CONNECTION */;
/*!40111 SET SQL_NOTES=@OLD_SQL_NOTES */;
